train_idx,oe_score
72,0.033848945
792,0.033241216
850,0.031829394
461,0.030100215
132,0.029613797
522,0.02842793
986,0.027980018
100,0.026259793
853,0.024059638
367,0.023826137
555,0.02377016
963,0.023189463
256,0.02270971
752,0.022686398
490,0.022367833
324,0.022086516
201,0.021932486
400,0.021558376
901,0.021443995
302,0.021394676
220,0.021372303
633,0.021141373
252,0.021013416
336,0.021010213
464,0.020688534
180,0.020431422
94,0.020395441
903,0.020258682
397,0.01973045
562,0.019636966
876,0.019418439
919,0.019208713
96,0.019103834
938,0.019066582
230,0.019040555
744,0.018838197
685,0.018781671
895,0.018720297
983,0.018698025
166,0.018332746
586,0.018252889
835,0.018197615
865,0.018166091
291,0.018116582
795,0.018043416
882,0.017792623
927,0.017761955
301,0.017642157
148,0.0175899
357,0.017503645
10,0.017495979
911,0.017437443
708,0.017368382
235,0.01731159
134,0.01725094
351,0.017202592
403,0.017182773
702,0.017180689
386,0.017135803
526,0.017109815
17,0.017083706
697,0.017080998
497,0.017075602
310,0.016994333
601,0.016878206
140,0.016866269
564,0.016833866
363,0.016804038
314,0.016637497
92,0.01656875
778,0.016528394
887,0.016522843
217,0.016465876
160,0.01644405
59,0.016434463
648,0.016366666
193,0.016356427
631,0.016328443
322,0.01632742
158,0.016211597
476,0.01614531
383,0.016129091
611,0.016125662
548,0.016099602
861,0.016076703
315,0.016038759
179,0.016026337
518,0.01599751
546,0.015875138
257,0.015846556
953,0.01581896
965,0.015785271
878,0.015716743
393,0.015658615
155,0.015630476
47,0.0156179005
992,0.015594787
563,0.015592252
748,0.01549198
506,0.015479496
830,0.0154436445
433,0.015440876
710,0.015411019
815,0.015391274
745,0.015386387
759,0.015381454
908,0.015315492
926,0.015295865
757,0.015263113
786,0.015186483
354,0.015182003
61,0.015157401
325,0.015098533
37,0.015094644
503,0.015068405
566,0.015067715
879,0.01505322
38,0.015024905
893,0.0150238145
480,0.015023624
872,0.014926951
773,0.014914828
597,0.014894282
847,0.014893272
195,0.014878141
406,0.014839348
538,0.014768468
507,0.014737714
788,0.014731299
42,0.014655722
141,0.014654101
747,0.0146466885
918,0.014642728
321,0.0145991
755,0.01458297
382,0.014569196
150,0.014493368
694,0.014453225
337,0.014335724
472,0.014331401
985,0.01430571
164,0.014278652
63,0.014273996
445,0.0142649785
881,0.014226358
600,0.014213544
935,0.014164713
779,0.014152415
408,0.014142243
869,0.014094251
681,0.014092611
828,0.014025355
470,0.014016078
842,0.014006933
672,0.013963548
667,0.013950103
675,0.01393572
690,0.013878505
943,0.013864836
925,0.01380939
549,0.013721616
810,0.013704107
157,0.013697226
211,0.01368969
784,0.0136674885
240,0.013661478
508,0.013652581
387,0.013640404
649,0.013635509
441,0.013599229
53,0.0135558685
730,0.013529131
948,0.013509245
120,0.013500414
339,0.013453843
191,0.013423664
454,0.013403708
907,0.01339679
241,0.013341372
142,0.013339499
553,0.013337723
782,0.013334862
723,0.013332764
509,0.0133241005
951,0.013314766
523,0.013305796
766,0.013305173
218,0.013297289
521,0.01329335
348,0.013287286
511,0.01328679
345,0.01324917
634,0.013213798
332,0.013197693
293,0.013170535
796,0.013169694
107,0.013165556
884,0.013164234
883,0.013157475
64,0.013133084
729,0.013103423
431,0.013083853
802,0.013071764
889,0.013054307
197,0.013050472
426,0.013037165
969,0.013034497
264,0.01301468
806,0.012999011
740,0.01298682
825,0.012981638
763,0.012980115
760,0.012980023
285,0.01296975
834,0.012965613
877,0.012933148
231,0.012921155
73,0.012903185
484,0.012880405
421,0.012871738
208,0.0128569845
65,0.012846282
224,0.012842432
457,0.012816488
3,0.012793994
770,0.012791846
292,0.012785642
347,0.012774959
599,0.01275083
574,0.012741333
419,0.012711132
816,0.012703584
54,0.012701798
939,0.012697687
569,0.012665013
726,0.012654112
102,0.012641657
979,0.012596954
415,0.012560237
944,0.012542431
592,0.01253371
641,0.012504238
539,0.012480579
149,0.0124748945
616,0.012473797
29,0.012465786
458,0.012463628
136,0.012459627
854,0.012456079
103,0.012447093
409,0.012422152
627,0.01242159
442,0.012377256
112,0.012371991
78,0.012347568
722,0.012336475
404,0.01232018
113,0.012316309
67,0.012307974
512,0.012303052
579,0.01229433
8,0.012284877
568,0.012283293
686,0.012264012
894,0.012234311
706,0.012207729
126,0.012199556
381,0.012189702
967,0.012180261
440,0.012158976
424,0.012151792
620,0.012151649
467,0.012149961
596,0.01213898
912,0.012126836
955,0.012126103
751,0.012105845
975,0.012104287
510,0.012061496
359,0.012058587
234,0.012021802
93,0.012004811
373,0.011999176
862,0.011991444
229,0.01196718
817,0.011961594
635,0.011936491
873,0.011934928
602,0.011927351
214,0.011923413
335,0.011922075
594,0.011888899
987,0.011888651
824,0.011868167
119,0.011864523
33,0.011855372
80,0.011835727
280,0.011826948
937,0.011824423
228,0.011822377
344,0.01181445
655,0.011810409
970,0.011806767
851,0.01179451
438,0.011794137
724,0.011785202
495,0.011778216
189,0.0117755225
418,0.011735293
929,0.011728889
420,0.011711924
904,0.011700412
108,0.011682084
852,0.011680417
642,0.011673895
2,0.011658263
115,0.011651074
250,0.011640821
45,0.011627771
492,0.011617364
725,0.011614393
499,0.011586694
139,0.01158648
793,0.011585986
355,0.0115851965
133,0.011561435
34,0.011561028
202,0.011560542
478,0.011558249
799,0.01154812
319,0.011544758
41,0.011508133
342,0.011502327
36,0.011456953
502,0.011455425
391,0.011454388
922,0.011453381
190,0.011430242
989,0.011427046
736,0.011390056
933,0.011374895
313,0.01135876
177,0.011355142
557,0.011344609
405,0.011312047
28,0.011300425
286,0.01129582
443,0.011289537
839,0.011263823
130,0.01126139
700,0.011256721
289,0.011253316
976,0.01124592
71,0.01124146
516,0.011241178
595,0.011241138
584,0.011229407
196,0.011222663
295,0.011221437
16,0.01121819
728,0.011214149
104,0.011209488
542,0.011207997
504,0.011200636
540,0.011192134
242,0.011191856
66,0.011179666
902,0.011171955
913,0.011166345
284,0.011162574
785,0.011145891
949,0.011143017
475,0.011140744
466,0.011134208
868,0.011127198
68,0.011125759
687,0.011112651
605,0.01110397
371,0.011091193
528,0.011089854
797,0.01107872
75,0.011058058
21,0.011043553
304,0.01103596
660,0.011026085
460,0.01102361
798,0.01101341
95,0.011013056
613,0.010980872
988,0.0109535875
281,0.01093781
942,0.010936033
299,0.010927068
968,0.010910718
434,0.010903736
550,0.010895667
956,0.010891249
875,0.010883429
97,0.010867845
423,0.010857806
413,0.010855862
76,0.010852549
826,0.010831217
978,0.010831139
282,0.010816888
432,0.010816342
129,0.010797145
536,0.010791858
961,0.010786685
48,0.010773507
31,0.010771247
527,0.010761735
880,0.010752931
329,0.010751378
632,0.010748268
684,0.0107428245
959,0.010729797
915,0.010729677
984,0.010719079
520,0.010698811
305,0.010687524
251,0.0106770815
407,0.010668673
750,0.010664498
323,0.010664147
60,0.010630772
185,0.010629775
364,0.010626754
428,0.010619281
360,0.010615115
618,0.010609487
128,0.010595486
165,0.010578045
837,0.010576909
787,0.01057325
116,0.010566109
644,0.010554612
670,0.010539632
743,0.010532049
841,0.0105289435
343,0.010505905
554,0.010463878
621,0.010460013
198,0.010448941
366,0.010441432
838,0.010422054
232,0.01040781
110,0.0104060285
754,0.010402027
695,0.0104009835
573,0.010394389
236,0.010384986
167,0.010381059
265,0.01036309
936,0.010341048
269,0.010339301
327,0.010325759
556,0.010323986
378,0.01031321
401,0.010310761
932,0.01030383
661,0.010284067
79,0.01027537
372,0.0102729285
993,0.010267991
154,0.010260463
85,0.010258963
23,0.010251985
297,0.01024884
652,0.010240802
450,0.010240316
81,0.010226527
962,0.010226161
377,0.010212523
182,0.010210891
283,0.0102061005
741,0.010191287
365,0.010182001
577,0.010178202
921,0.010176368
4,0.0101742875
768,0.01017318
204,0.010165906
578,0.010162546
25,0.01012524
455,0.010123458
643,0.010121636
298,0.010112667
69,0.010111644
863,0.010100045
300,0.010081103
459,0.010080299
452,0.010079715
453,0.01006177
169,0.010061381
448,0.010048561
888,0.0100367
781,0.010020804
898,0.010019285
486,0.010001672
699,0.00998269
671,0.009957064
221,0.009952929
807,0.009942651
990,0.009930974
855,0.009929805
572,0.009893759
647,0.009885618
945,0.009883224
843,0.009862737
909,0.009861931
703,0.009861259
859,0.0098536145
463,0.0098490575
494,0.009843284
451,0.009838891
14,0.009827132
88,0.009826278
358,0.00981831
481,0.009810059
203,0.009803971
742,0.009793837
117,0.009793676
330,0.009792807
866,0.0097887
384,0.009786313
288,0.009764918
982,0.009762331
653,0.009761772
493,0.009758557
414,0.009756344
316,0.009748183
733,0.009733543
534,0.009725014
320,0.009723805
184,0.009712928
274,0.009709244
958,0.009705385
35,0.009683659
137,0.009681571
392,0.009673124
674,0.009668619
491,0.009667626
813,0.009667108
349,0.009654527
469,0.009650506
57,0.009647382
966,0.009646327
385,0.009636766
346,0.009633638
544,0.009626865
560,0.0096087735
857,0.009604836
477,0.009598917
24,0.009596797
803,0.009596433
89,0.00957764
924,0.009573639
18,0.009564588
547,0.009562931
804,0.009560345
714,0.0095592
505,0.009557162
456,0.009544904
239,0.009540764
552,0.00953881
756,0.009527436
532,0.0095255375
790,0.009524866
593,0.009523748
226,0.0095206145
138,0.0095138615
174,0.009511715
832,0.009506935
192,0.009498791
27,0.009498595
352,0.009487176
867,0.009481708
864,0.009475871
860,0.009471891
840,0.009467905
375,0.009466171
762,0.009454749
338,0.009453301
680,0.009453285
870,0.009452688
525,0.009449513
614,0.009438771
668,0.009435687
146,0.009421444
244,0.00941975
638,0.009411487
39,0.009408266
610,0.009406306
845,0.009405429
920,0.009403776
496,0.009402448
727,0.00940105
152,0.009400803
565,0.009395607
176,0.009386479
144,0.009381776
622,0.009375739
801,0.00937036
40,0.0093595395
823,0.009351371
651,0.009348585
11,0.009343325
122,0.009321101
248,0.009318376
109,0.009318231
607,0.009316301
580,0.009312053
271,0.009310141
91,0.009302618
713,0.009298845
444,0.009298452
856,0.009295194
181,0.0092905415
805,0.00928757
58,0.009285226
498,0.00928348
746,0.009279156
711,0.009275051
737,0.0092718685
87,0.0092711365
276,0.00924203
388,0.009239765
947,0.009235462
735,0.009215562
194,0.009210944
940,0.009191357
246,0.009187278
261,0.009185899
483,0.00918467
159,0.009184508
356,0.0091677625
243,0.009165756
411,0.009163043
916,0.009162916
318,0.0091479225
183,0.009135119
720,0.009134164
650,0.00912747
808,0.009111186
462,0.009102967
818,0.009097754
216,0.009091388
897,0.009070805
780,0.009061322
471,0.009056357
849,0.009040458
267,0.009040269
270,0.009036766
717,0.009034398
278,0.009028285
437,0.009018086
794,0.009017479
361,0.009014076
1,0.0090112155
500,0.009011041
449,0.009006698
227,0.008989925
656,0.008986375
701,0.008977598
624,0.008970029
637,0.008968134
123,0.008962394
749,0.008961671
62,0.008961065
105,0.008949438
6,0.008948719
571,0.008944438
791,0.008940517
848,0.008930295
99,0.00892992
831,0.008929529
308,0.008926948
928,0.00891407
143,0.008907026
886,0.008906465
615,0.008906039
485,0.008902654
767,0.00889599
952,0.008887472
640,0.008874483
960,0.008854996
819,0.008853802
172,0.008847464
275,0.008845762
43,0.008843683
654,0.008841157
446,0.008831499
585,0.008827718
131,0.008824398
659,0.008810231
362,0.008808843
537,0.008793772
582,0.008784646
896,0.0087831365
215,0.008780971
254,0.008773704
885,0.008757865
821,0.008757159
625,0.008756341
13,0.008735834
50,0.00872449
812,0.008704211
253,0.008701278
46,0.008697948
731,0.008696945
439,0.008689265
147,0.008688997
732,0.008688717
704,0.008683378
666,0.00868
199,0.008674994
15,0.00867457
844,0.008673001
266,0.0086711645
776,0.008655573
575,0.008644053
474,0.008638625
906,0.008632204
156,0.008624904
427,0.0086222235
488,0.008612356
639,0.008610163
20,0.0086088935
247,0.008607636
535,0.008606228
517,0.008601682
465,0.008601434
761,0.008598617
515,0.008593664
689,0.008585772
326,0.0085852295
416,0.008583531
83,0.008564559
545,0.008549769
303,0.008537126
55,0.008536914
84,0.008536672
487,0.008535807
353,0.008526302
368,0.008524559
705,0.008516866
581,0.008515137
604,0.008511597
135,0.008506478
22,0.008498237
340,0.008494212
98,0.008488022
290,0.008484245
691,0.008483585
153,0.00847968
213,0.008453837
626,0.008453469
630,0.008410427
619,0.008405621
212,0.008399938
200,0.008395114
719,0.008388912
430,0.008386798
657,0.008380615
306,0.008368394
591,0.008365665
0,0.00836325
930,0.008342438
775,0.00833514
44,0.0083322
583,0.008332182
608,0.008331826
688,0.008324486
56,0.008312485
187,0.008311628
820,0.008305618
417,0.008300737
245,0.008299992
718,0.008298396
665,0.008292839
52,0.008286758
309,0.00827845
233,0.008271155
646,0.00827034
709,0.00824574
712,0.0082447035
891,0.008238739
590,0.008216419
954,0.008210645
479,0.008195011
811,0.008193702
980,0.008188982
664,0.008188404
82,0.008185714
350,0.008169054
402,0.008157579
399,0.008148156
151,0.008146966
9,0.008145758
833,0.008141419
396,0.008135743
473,0.008132336
899,0.008125624
30,0.008117582
312,0.00811659
606,0.008099642
328,0.008094353
541,0.0080929855
974,0.008081997
12,0.008080861
603,0.008070017
814,0.008055507
772,0.00803531
822,0.008030334
279,0.008024662
658,0.008019684
163,0.008019664
334,0.008018524
219,0.00799683
412,0.007995199
249,0.007988634
307,0.007982241
693,0.007980072
981,0.007971507
114,0.007959286
268,0.007949071
178,0.007947633
262,0.007941614
739,0.007941594
188,0.007930264
598,0.0079274345
5,0.007917204
800,0.007915266
676,0.007909423
524,0.0079090865
946,0.007904623
124,0.007898316
422,0.007888472
957,0.007875963
973,0.007867666
118,0.007863948
425,0.007840532
783,0.007831419
890,0.007824551
255,0.00782081
698,0.0078130085
26,0.0078054895
628,0.007802198
910,0.007799485
223,0.0077979267
49,0.0077940933
636,0.0077795824
101,0.00777887
734,0.007777757
70,0.007769961
519,0.007766117
950,0.0077573815
914,0.0077515896
789,0.0077453917
707,0.0077426345
758,0.0077294484
971,0.0077053052
260,0.007694801
771,0.007691334
206,0.007688072
871,0.0076788883
530,0.0076725027
435,0.0076517207
609,0.007649101
205,0.007644331
738,0.007621331
296,0.007606095
809,0.0076042484
272,0.0076017277
171,0.0075991214
86,0.0075884797
186,0.0075717126
175,0.0075657764
90,0.0075555122
612,0.007552487
209,0.00755166
576,0.0075345547
317,0.007532944
827,0.0075320825
629,0.007483959
669,0.007479412
273,0.0074786255
829,0.0074733566
846,0.0074508293
258,0.0074095125
341,0.007397882
389,0.0073972335
589,0.0073800352
277,0.0073673585
19,0.007362458
679,0.0073617697
447,0.007338506
934,0.007338163
923,0.007334554
917,0.0073229074
991,0.007311432
692,0.007295993
125,0.0072758873
170,0.0072742556
529,0.007227746
716,0.0072153057
429,0.007199981
587,0.0071974355
682,0.007187228
588,0.007177143
905,0.007177
570,0.007168174
533,0.007166676
311,0.007165657
662,0.007155597
162,0.007134027
543,0.007130424
32,0.0071173767
436,0.007116427
207,0.0071112975
379,0.0070961313
294,0.0070931725
259,0.0070462637
663,0.007038591
394,0.007031304
77,0.0070105614
263,0.007000846
874,0.0069944067
237,0.0069774054
210,0.006970408
287,0.0069361925
645,0.006930682
678,0.0069228113
501,0.0068969796
238,0.006871523
836,0.006865313
161,0.0068502
390,0.006847301
225,0.0068374546
972,0.00680738
333,0.006805763
721,0.0068039587
931,0.00677215
398,0.006759512
900,0.006747881
561,0.0067366124
395,0.0067315744
376,0.0067302124
617,0.006729536
567,0.006724928
374,0.006711681
551,0.0067022974
106,0.0066886945
222,0.00665851
777,0.00663072
858,0.006613209
380,0.0065825
513,0.006575746
74,0.0065333205
468,0.0065324595
482,0.0065208245
964,0.006511702
489,0.0065089474
558,0.006466614
892,0.0064393906
769,0.0063883616
7,0.006333012
370,0.0063292542
121,0.0062733414
559,0.006240065
514,0.006231274
369,0.006192821
977,0.006173827
941,0.006169712
623,0.0061632358
145,0.006141975
127,0.006133418
774,0.006122477
51,0.006005396
673,0.00600157
410,0.00597287
677,0.005970851
764,0.005859186
331,0.0058084824
168,0.005792197
173,0.005743272
715,0.0057343068
696,0.00566901
111,0.005646501
765,0.005602557
683,0.005578316
753,0.0055160355
531,0.0053989873
